t,x,y,v,a,vref,th,w,u
0.000000000000000000e+00,-3.000000000000000000e+00,-8.000000000000000000e+00,0.000000000000000000e+00,0.000000000000000000e+00,0.000000000000000000e+00,1.570796326794791753e+00,0.000000000000000000e+00,0.000000000000000000e+00
5.000000000000000278e-02,-3.000675935381261983e+00,-7.999489974285419969e+00,1.007361365662508695e-01,0.000000000000000000e+00,0.000000000000000000e+00,6.247536632185865635e+00,-3.614037265265988841e-02,0.000000000000000000e+00
1.000000000000000056e-01,-3.000410565052288980e+00,-7.999546467869064870e+00,4.944824277479223373e-02,-2.051515751658345155e-01,0.000000000000000000e+00,6.281746816511086351e+00,-1.408508853654079872e-02,5.000000000000000000e-01
1.500000000000000222e-01,-2.997101324641925135e+00,-7.999550640403469970e+00,7.731010005759365866e-02,-5.267383100146191821e-02,0.000000000000000000e+00,2.016364419641369921e-03,-6.115760562066031338e-03,5.000000000000000000e-01
2.000000000000000111e-01,-2.992934156321380712e+00,-7.999541386444997570e+00,8.661193567868789855e-02,-4.931722316792584715e-03,0.000000000000000000e+00,1.320758917506381636e-03,-3.185827884896954339e-03,5.000000000000000000e-01
2.500000000000000000e-01,-2.987607202119161975e+00,-7.999546364607354576e+00,9.890337164986595653e-02,4.522036603127817939e-02,0.000000000000000000e+00,2.264214177223777824e-03,-1.202048535555560235e-03,5.000000000000000000e-01
2.999999999999999889e-01,-2.980789532597642122e+00,-7.999527963475789427e+00,1.226228738095219706e-01,1.310543014636466330e-01,0.000000000000000000e+00,4.829033387823145063e-04,-1.236768401790720121e-03,5.000000000000000000e-01
3.499999999999999778e-01,-2.973161480681232760e+00,-7.999551342743536964e+00,1.406982910218764204e-01,1.771451100203351170e-01,0.000000000000000000e+00,3.783383495836289967e-03,5.804494225391764167e-04,5.000000000000000000e-01
3.999999999999999667e-01,-2.964310218282571796e+00,-7.999513937186234713e+00,1.625899468292944239e-01,2.292827112459401295e-01,0.000000000000000000e+00,6.281880986228214780e+00,-1.562238551450368957e-03,5.000000000000000000e-01
4.499999999999999556e-01,-2.954343942315439620e+00,-7.999528167063007622e+00,1.846859142027419409e-01,2.718100384905421940e-01,0.000000000000000000e+00,5.722498206157666800e-03,1.815954898592899791e-03,5.000000000000000000e-01
4.999999999999999445e-01,-2.943353155540734178e+00,-7.999523536833886617e+00,2.057639912901239598e-01,3.017603391419618752e-01,0.000000000000000000e+00,3.121223928533645164e-03,-2.897253833187500138e-05,5.000000000000000000e-01
5.499999999999999334e-01,-2.931210975161651966e+00,-7.999500176761420001e+00,2.280210473917466674e-01,3.304364957200603969e-01,0.000000000000000000e+00,3.479132524990546926e-04,-1.057515460382910805e-03,5.000000000000000000e-01
5.999999999999999778e-01,-2.917985571846380743e+00,-7.999537009996326553e+00,2.499143848854006589e-01,3.519225465506643502e-01,0.000000000000000000e+00,5.216133185070859213e-03,1.314474281697861589e-03,5.000000000000000000e-01
6.500000000000000222e-01,-2.903718615349712096e+00,-7.999522529491187584e+00,2.711740624739394923e-01,3.665767475946867804e-01,0.000000000000000000e+00,4.006397946255013665e-03,2.054412178037855327e-04,5.000000000000000000e-01
7.000000000000000666e-01,-2.888401550668803885e+00,-7.999538513124358374e+00,2.922746880671556191e-01,3.776639004486138651e-01,0.000000000000000000e+00,5.476161492312670021e-03,6.605303205423035222e-04,5.000000000000000000e-01
7.500000000000001110e-01,-2.872060994464071371e+00,-7.999514975766541802e+00,3.129973154694675186e-01,3.850216299681386567e-01,0.000000000000000000e+00,2.672536373148126643e-03,-7.275745575055529366e-04,5.000000000000000000e-01
8.000000000000001554e-01,-2.854660038553315182e+00,-7.999501812927546140e+00,3.340107945172142712e-01,3.920712201654978912e-01,0.000000000000000000e+00,2.527025613995981246e-03,-4.197865048182005429e-04,5.000000000000000000e-01
8.500000000000001998e-01,-2.836219109124232141e+00,-7.999509961083195897e+00,3.548954949941769410e-01,3.971957780402489702e-01,0.000000000000000000e+00,4.879488364387896127e-03,6.888683076459424992e-04,5.000000000000000000e-01
9.000000000000002442e-01,-2.816751591747348904e+00,-7.999496589974556926e+00,3.755685376924541297e-01,4.004487932253079085e-01,0.000000000000000000e+00,3.161494656830576844e-03,-3.096340253006793952e-04,5.000000000000000000e-01
9.500000000000002887e-01,-2.796242269421147952e+00,-7.999422871484436648e+00,3.963409016596514123e-01,4.034484904490354129e-01,0.000000000000000000e+00,6.273342941025398467e+00,-5.144971488828490626e-03,5.000000000000000000e-01
1.000000000000000222e+00,-2.774699662561070035e+00,-7.999377559543124683e+00,4.170482238967306299e-01,4.055880813075451452e-01,0.000000000000000000e+00,6.269159684763796037e+00,-4.176785533897175301e-03,5.000000000000000000e-01
1.050000000000000266e+00,-2.752129983072713948e+00,-7.999509139166550931e+00,4.376600581036632631e-01,4.069178018737668046e-01,0.000000000000000000e+00,1.240469613267691784e-02,8.059035135904101324e-03,5.000000000000000000e-01
1.100000000000000311e+00,-2.728522155375489255e+00,-7.999304099029737714e+00,4.583687043612769130e-01,4.083688265294679876e-01,0.000000000000000000e+00,6.257234020981979228e+00,-1.069543016719053455e-02,5.000000000000000000e-01
1.150000000000000355e+00,-2.703892745790572594e+00,-7.999474768936538638e+00,4.789075011785445257e-01,4.088502484926447855e-01,0.000000000000000000e+00,7.291413759545228856e-03,7.414420501122452253e-03,5.000000000000000000e-01
1.200000000000000400e+00,-2.678227120011893003e+00,-7.999338451908414527e+00,4.995548837477791770e-01,4.096697290710544226e-01,0.000000000000000000e+00,6.265856499150443071e+00,-5.753722155743846815e-03,5.000000000000000000e-01
1.250000000000000444e+00,-2.651532989372626936e+00,-7.999273595297042405e+00,5.201525119598152669e-01,4.101262961049878530e-01,0.000000000000000000e+00,6.256050522942557812e+00,-6.630114126718005332e-03,5.000000000000000000e-01
1.300000000000000488e+00,-2.623819038814555693e+00,-7.999260088538029834e+00,5.406284572750037487e-01,4.100048181447441542e-01,0.000000000000000000e+00,6.255351880423321909e+00,-3.612861885988655902e-03,5.000000000000000000e-01
1.350000000000000533e+00,-2.595071225893694766e+00,-7.999289842064753131e+00,5.612253237685728147e-01,4.103913204900715428e-01,0.000000000000000000e+00,6.262118258272827198e+00,7.934179190474009366e-04,5.000000000000000000e-01
1.400000000000000577e+00,-2.565295060440586195e+00,-7.999354977971175451e+00,5.818049797782069987e-01,4.106316804305939483e-01,0.000000000000000000e+00,6.275742657585827722e+00,5.640934955700041900e-03,5.000000000000000000e-01
1.450000000000000622e+00,-2.534494282998979386e+00,-7.999443252140333804e+00,6.023328392491273942e-01,4.106167822281567292e-01,0.000000000000000000e+00,1.065045048460078192e-02,9.787726862098593966e-03,5.000000000000000000e-01
1.500000000000000666e+00,-2.502665098868763316e+00,-7.999542164528889998e+00,6.228851896992995130e-01,4.107028275832138031e-01,0.000000000000000000e+00,3.056343135167693958e-02,1.257516418890193728e-02,5.000000000000000000e-01
1.550000000000000711e+00,-2.469808639054689614e+00,-7.999641650632922207e+00,6.434334024241745720e-01,4.107551129660712563e-01,0.000000000000000000e+00,5.071113064068022425e-02,1.407214923800363324e-02,5.000000000000000000e-01
1.600000000000000755e+00,-2.435926529532498996e+00,-7.999732890002880126e+00,6.639601497512409578e-01,4.107110796811225262e-01,0.000000000000000000e+00,6.945850811324660867e-02,1.430280877050803777e-02,5.000000000000000000e-01
1.650000000000000799e+00,-2.401022730011076689e+00,-7.999515559470412818e+00,6.844377792884572820e-01,4.104793818937632621e-01,0.000000000000000000e+00,3.264781001561090079e-02,-7.054599187656327049e-03,5.000000000000000000e-01
1.700000000000000844e+00,-2.365089304447041130e+00,-7.999113963872426680e+00,7.050031491204384881e-01,4.106449848429353788e-01,0.000000000000000000e+00,6.244813544442795461e+00,-3.100570971305167262e-02,5.000000000000000000e-01
1.750000000000000888e+00,-2.328133899536243057e+00,-7.998831158257901919e+00,7.254791556453221713e-01,4.104200139738830022e-01,0.000000000000000000e+00,6.196498400776091486e+00,-3.423068634827852730e-02,5.000000000000000000e-01
1.800000000000000933e+00,-2.290168297588099033e+00,-7.999020567777337831e+00,7.457846034615593922e-01,4.095578024440552634e-01,0.000000000000000000e+00,6.232847925018732305e+00,-3.084717846090477902e-03,5.000000000000000000e-01
1.850000000000000977e+00,-2.251171345609659813e+00,-7.999437662845503283e+00,7.663040451685254606e-01,4.097240087831084399e-01,0.000000000000000000e+00,2.744971478814051125e-02,2.864363038787669929e-02,5.000000000000000000e-01
1.900000000000001021e+00,-2.211155673139198363e+00,-7.999814383457456657e+00,7.867310293529945486e-01,4.094871437643630707e-01,0.000000000000000000e+00,9.732129633430552929e-02,4.146313367538352612e-02,5.000000000000000000e-01
1.950000000000001066e+00,-2.170134734831927315e+00,-7.999702331462771099e+00,8.069455373176690482e-01,4.084477468701884217e-01,0.000000000000000000e+00,7.823375585143566013e-02,1.344222101845712371e-02,5.000000000000000000e-01
2.000000000000000888e+00,-2.128081569062360678e+00,-7.999450670819643783e+00,8.274252422060726087e-01,4.086770170497649457e-01,0.000000000000000000e+00,3.024966759789471382e-02,-1.201619918501769732e-02,5.000000000000000000e-01
2.050000000000000711e+00,-2.085012322200660684e+00,-7.999261070888207037e+00,8.478060986068071125e-01,4.084650392427502941e-01,0.000000000000000000e+00,6.280081159550984893e+00,-1.896833113728545878e-02,5.000000000000000000e-01
2.100000000000000533e+00,-2.040934362796729129e+00,-7.999137713807589201e+00,8.680600244464318216e-01,4.077877347526993601e-01,0.000000000000000000e+00,6.260625998770461997e+00,-1.706571922669036789e-02,5.000000000000000000e-01
2.150000000000000355e+00,-1.995829748750385546e+00,-7.999095685428622815e+00,8.884796201049414144e-01,4.079085704361981590e-01,0.000000000000000000e+00,6.262575233116848494e+00,-7.762954384256392192e-03,5.000000000000000000e-01
2.200000000000000178e+00,-1.949713255416855473e+00,-7.999111484872645228e+00,9.087898010877886179e-01,4.075675802803476189e-01,0.000000000000000000e+00,6.264879525603596733e+00,-2.979754563521125853e-03,5.000000000000000000e-01
2.250000000000000000e+00,-1.902584228682023149e+00,-7.999170319932898288e+00,9.290646824109272117e-01,4.071535895168327812e-01,0.000000000000000000e+00,6.269953112587966615e+00,4.784228376398798159e-04,5.000000000000000000e-01
2.299999999999999822e+00,-1.854435037797014463e+00,-7.999272762927938984e+00,9.494174722646672171e-01,4.071340310284265462e-01,0.000000000000000000e+00,5.717127051731552001e-03,7.609034069891511612e-03,5.000000000000000000e-01
2.349999999999999645e+00,-1.805273961583012454e+00,-7.999411351609492904e+00,9.697022515970425971e-01,4.068463421522430790e-01,0.000000000000000000e+00,2.939977127144643987e-02,1.302511419005191601e-02,5.000000000000000000e-01
2.399999999999999467e+00,-1.755100118600611436e+00,-7.999551505285981357e+00,9.899693690796287360e-01,4.065455436521392962e-01,0.000000000000000000e+00,5.838299687241121916e-02,1.779910596835480863e-02,5.000000000000000000e-01
2.449999999999999289e+00,-1.703904874113066681e+00,-7.999694311880970687e+00,1.010333082369688995e+00,4.066912880819527620e-01,0.000000000000000000e+00,8.777135013982828582e-02,2.036427952647448109e-02,5.000000000000000000e-01
2.499999999999999112e+00,-1.651702261452669074e+00,-7.999810877894390160e+00,1.030566169323491099e+00,4.062853782807709369e-01,0.000000000000000000e+00,1.113202770066941127e-01,1.954069243697223110e-02,5.000000000000000000e-01
2.549999999999998934e+00,-1.598487707700519067e+00,-7.999892482368601065e+00,1.050801864027814281e+00,4.059710814419097979e-01,0.000000000000000000e+00,1.149864904454789283e-01,1.121625378475855743e-02,5.000000000000000000e-01
2.599999999999998757e+00,-1.544247981803550385e+00,-7.999935110881577494e+00,1.071197695412863915e+00,4.063601906937266972e-01,0.000000000000000000e+00,1.170256394110653630e-01,6.324652884795746270e-03,5.000000000000000000e-01
2.649999999999998579e+00,-1.489003140619364673e+00,-7.999953536083569183e+00,1.091417217844678600e+00,4.059662422822403749e-01,0.000000000000000000e+00,1.168122359565835211e-01,3.160534875714348692e-03,5.000000000000000000e-01
2.699999999999998401e+00,-1.432744067158127965e+00,-7.999945379635448717e+00,1.111675776995875387e+00,4.058072304305797573e-01,0.000000000000000000e+00,1.249266384187901480e-01,4.782787309242531905e-03,5.000000000000000000e-01
2.749999999999998224e+00,-1.375469765502063346e+00,-7.999918892541581172e+00,1.131962024793184973e+00,4.057907755337024636e-01,0.000000000000000000e+00,1.224137468908494952e-01,1.312377269426890291e-03,5.000000000000000000e-01
2.799999999999998046e+00,-1.317192098976687209e+00,-7.999859707099953532e+00,1.152117173500190717e+00,4.052532152549852551e-01,0.000000000000000000e+00,1.134177954710366976e-01,-2.789348656873206524e-03,5.000000000000000000e-01
2.849999999999997868e+00,-1.257898555113105665e+00,-7.999789281001784325e+00,1.172369897870155997e+00,4.052134696838496364e-01,0.000000000000000000e+00,1.107298174641995203e-01,-2.464623104786472021e-03,5.000000000000000000e-01
2.899999999999997691e+00,-1.197594296090866539e+00,-7.999712911828988027e+00,1.192599648731852202e+00,4.050897791938648518e-01,0.000000000000000000e+00,9.970618831308630803e-02,-5.567598996483359361e-03,5.000000000000000000e-01
2.949999999999997513e+00,-1.136283861397864081e+00,-7.999617507442577491e+00,1.212765968524532001e+00,4.047371025258113542e-01,0.000000000000000000e+00,7.710869987264601377e-02,-1.160092754265952195e-02,5.000000000000000000e-01
2.999999999999997335e+00,-1.073958447120890947e+00,-7.999528973197174153e+00,1.233012114421673466e+00,4.047742656092152558e-01,0.000000000000000000e+00,6.813117321428485695e-02,-9.360580631018829492e-03,5.000000000000000000e-01
3.049999999999997158e+00,-1.010625309176850450e+00,-7.999474431164730781e+00,1.253202786645160938e+00,4.045821013813223899e-01,0.000000000000000000e+00,7.071620498626884910e-02,-3.727529349277387653e-03,5.000000000000000000e-01
3.099999999999996980e+00,-9.462342374138229539e-01,-7.999421943812015101e+00,1.273974612248896188e+00,4.067529835199992228e-01,0.000000000000000000e+00,1.044650285175237059e-01,-1.508074088714071986e-03,0.000000000000000000e+00
3.149999999999996803e+00,-8.829206837262765228e-01,-7.999376874430188522e+00,1.269352700913462195e+00,3.069147414742633972e-01,0.000000000000000000e+00,1.047935576575884653e-01,-5.757302098909680959e-04,0.000000000000000000e+00
3.199999999999996625e+00,-8.200842470558595831e-01,-7.999342509754174380e+00,1.261778521529876018e+00,2.152350756450659153e-01,0.000000000000000000e+00,9.030014178331224883e-02,5.739762297943521883e-04,0.000000000000000000e+00
3.249999999999996447e+00,-7.569651141224840174e-01,-7.999316229619886087e+00,1.262141235201292400e+00,1.736389152017182580e-01,0.000000000000000000e+00,1.066149236395261823e-01,1.829612001185540590e-03,0.000000000000000000e+00
3.299999999999996270e+00,-6.943440852015998477e-01,-7.999294550398983183e+00,1.256308888812031510e+00,1.155817466043309594e-01,0.000000000000000000e+00,1.134280989754543612e-01,2.933345813855452178e-03,0.000000000000000000e+00
3.349999999999996092e+00,-6.320370867344695665e-01,-7.999274719964586389e+00,1.250207606029394292e+00,6.806026615291581316e-02,0.000000000000000000e+00,1.185241854308776155e-01,4.739022676578625443e-03,0.000000000000000000e+00
3.399999999999995914e+00,-5.698258949966874543e-01,-7.999250607887560705e+00,1.246617416513687626e+00,4.008745485950594017e-02,0.000000000000000000e+00,1.294018180311082844e-01,4.328221099972258921e-03,0.000000000000000000e+00
3.449999999999995737e+00,-5.079379210736454375e-01,-7.999213536146176473e+00,1.241302787312667411e+00,1.081144708352381467e-02,0.000000000000000000e+00,1.328426315095354582e-01,3.183195125950328934e-03,0.000000000000000000e+00
3.499999999999995559e+00,-4.463186684542191918e-01,-7.999164942058746064e+00,1.235952381379350928e+00,-1.275246606644695260e-02,0.000000000000000000e+00,1.334832324070802656e-01,2.369442761754837409e-03,0.000000000000000000e+00
3.549999999999995381e+00,-3.849026999237551983e-01,-7.999107657304243446e+00,1.231372895888927399e+00,-2.851991481485174548e-02,0.000000000000000000e+00,1.398801467576618052e-01,2.647139264983122426e-03,0.000000000000000000e+00
3.599999999999995204e+00,-3.237580684435212852e-01,-7.999046874051449763e+00,1.226285098741566326e+00,-4.316712044132575699e-02,0.000000000000000000e+00,1.464934980756869010e-01,3.298241135926949751e-03,0.000000000000000000e+00
3.649999999999995026e+00,-2.628690005091819382e-01,-7.998968434817679274e+00,1.221183462032251477e+00,-5.494024319032007886e-02,0.000000000000000000e+00,1.479740327401160016e-01,2.353088278842153068e-03,0.000000000000000000e+00
3.699999999999994849e+00,-2.022116707110716283e-01,-7.998876997272873268e+00,1.216362169523349746e+00,-6.323736458786305414e-02,0.000000000000000000e+00,1.534651581947095167e-01,2.670325637414272275e-03,0.000000000000000000e+00
3.749999999999994671e+00,-1.418082204637344801e-01,-7.998774462922616735e+00,1.211387316352990018e+00,-7.048930435172942599e-02,0.000000000000000000e+00,1.561217914643631133e-01,2.104496647990035732e-03,0.000000000000000000e+00
3.799999999999994493e+00,-8.165733244430363469e-02,-7.998648140446915633e+00,1.206367175221287447e+00,-7.647200800819389799e-02,0.000000000000000000e+00,1.517659155978243746e-01,-1.565843813981784242e-04,0.000000000000000000e+00
3.849999999999994316e+00,-2.174728385751773657e-02,-7.998511112726260031e+00,1.201469335021786655e+00,-8.076896720455835343e-02,0.000000000000000000e+00,1.490473494944328792e-01,-9.987704042186368140e-04,0.000000000000000000e+00
3.899999999999994138e+00,3.790987634546696960e-02,-7.998361620013149320e+00,1.196475905102332149e+00,-8.458889344146477973e-02,0.000000000000000000e+00,1.465131522324014668e-01,-1.272537005886279979e-03,0.000000000000000000e+00
3.949999999999993960e+00,9.731651956397467662e-02,-7.998203666043030680e+00,1.191472601188798830e+00,-8.768433040730516659e-02,0.000000000000000000e+00,1.412048169404904741e-01,-2.161808162731656147e-03,0.000000000000000000e+00
3.999999999999993783e+00,1.564787549384557830e-01,-7.998042501859548459e+00,1.186538499287051129e+00,-8.988387193283500776e-02,0.000000000000000000e+00,1.377195527887504767e-01,-2.121185011622219504e-03,0.000000000000000000e+00
4.049999999999993605e+00,2.153927092222151507e-01,-7.997876992357076276e+00,1.181585641046440482e+00,-9.171853050871066337e-02,0.000000000000000000e+00,1.357299267883202987e-01,-1.626940520870876275e-03,0.000000000000000000e+00
4.099999999999993427e+00,2.740594667628134529e-01,-7.997708801617937624e+00,1.176638240162217741e+00,-9.316442794385956794e-02,0.000000000000000000e+00,1.339232583429552648e-01,-1.327224159764350299e-03,0.000000000000000000e+00
4.149999999999993250e+00,3.324812385173055995e-01,-7.997542019636758148e+00,1.171719414737553144e+00,-9.420684405374611659e-02,0.000000000000000000e+00,1.378559200828419762e-01,4.683506136360139366e-04,0.000000000000000000e+00
4.199999999999993072e+00,3.906537635402816955e-01,-7.997365890967165214e+00,1.166761265747311649e+00,-9.519807120396295286e-02,0.000000000000000000e+00,1.361821018420119600e-01,-2.610466776151442467e-04,0.000000000000000000e+00
4.249999999999992895e+00,4.485790563679727394e-01,-7.997180480287885196e+00,1.161811581071960919e+00,-9.595719566457334981e-02,0.000000000000000000e+00,1.355150308409704962e-01,-3.423888709063545224e-04,0.000000000000000000e+00
4.299999999999992717e+00,5.062582274536227001e-01,-7.996995607973696352e+00,1.156878242766890441e+00,-9.649910975194066209e-02,0.000000000000000000e+00,1.356773449032573353e-01,-1.659271125351436239e-04,0.000000000000000000e+00
4.349999999999992539e+00,5.636857182237814401e-01,-7.996802244272901206e+00,1.151885095036130124e+00,-9.717187872459387421e-02,0.000000000000000000e+00,1.324394348655113518e-01,-9.852583188313369066e-04,0.000000000000000000e+00
4.399999999999992362e+00,6.208702809779271803e-01,-7.996607994047562507e+00,1.146972750191218582e+00,-9.738688235932134452e-02,0.000000000000000000e+00,1.318472599159186132e-01,-6.701868791167673624e-04,0.000000000000000000e+00
4.449999999999992184e+00,6.778084511929550748e-01,-7.996413941011484283e+00,1.142051111093856264e+00,-9.759606227690642566e-02,0.000000000000000000e+00,1.330858146440654366e-01,3.148195863944850889e-05,0.000000000000000000e+00
4.499999999999992006e+00,7.344980491497110631e-01,-7.996218961567578276e+00,1.137099645143506699e+00,-9.788271362292347288e-02,0.000000000000000000e+00,1.336122261744527862e-01,2.233190947110560358e-04,0.000000000000000000e+00
4.549999999999991829e+00,7.909436325394058054e-01,-7.996017371783361583e+00,1.132191178792060438e+00,-9.794003630412390082e-02,0.000000000000000000e+00,1.308286478307767453e-01,-7.160200505627672355e-04,0.000000000000000000e+00
4.599999999999991651e+00,8.471449268638483465e-01,-7.995813298933201807e+00,1.127296453756003958e+00,-9.793092918752512033e-02,0.000000000000000000e+00,1.308552005071224045e-01,-4.106881652931651506e-04,0.000000000000000000e+00
4.649999999999991473e+00,9.030963126047011347e-01,-7.995607917417949295e+00,1.122339734745079420e+00,-9.817161939371832347e-02,0.000000000000000000e+00,1.373699161137880154e-01,1.706483963908032560e-03,0.000000000000000000e+00
4.699999999999991296e+00,9.588006387070160397e-01,-7.995397521523152307e+00,1.117392575150442102e+00,-9.832593389352400903e-02,0.000000000000000000e+00,1.394151722833960605e-01,1.456475349208909663e-03,0.000000000000000000e+00
4.749999999999991118e+00,1.014257827682885749e+00,-7.995176886000686878e+00,1.112448564523334404e+00,-9.843678962325007331e-02,0.000000000000000000e+00,1.422179703333670275e-01,1.557809828293171958e-03,0.000000000000000000e+00
4.799999999999990941e+00,1.069469753598635275e+00,-7.994953276989636315e+00,1.107527970648821469e+00,-9.843180719665187151e-02,0.000000000000000000e+00,1.439563133820200846e-01,1.305129407012416316e-03,0.000000000000000000e+00
4.849999999999990763e+00,1.124434824835359947e+00,-7.994718942427330610e+00,1.102598040051810724e+00,-9.846516814536455942e-02,0.000000000000000000e+00,1.440558199703163567e-01,7.381518126412187899e-04,0.000000000000000000e+00
4.899999999999990585e+00,1.179157270950622838e+00,-7.994478148156642483e+00,1.097714926808208702e+00,-9.830458749069981295e-02,0.000000000000000000e+00,1.437855026258532121e-01,2.900248665594639427e-04,0.000000000000000000e+00
4.949999999999990408e+00,1.233634193551365277e+00,-7.994232642485556539e+00,1.092815680428188774e+00,-9.824065551263963525e-02,0.000000000000000000e+00,1.435884094150843282e-01,8.653051911524774968e-05,0.000000000000000000e+00
4.999999999999990230e+00,1.287864608557001800e+00,-7.993977869888564847e+00,1.087898433881815174e+00,-9.826151059560618573e-02,0.000000000000000000e+00,1.414706990192886593e-01,-5.761102530833328399e-04,0.000000000000000000e+00
5.049999999999990052e+00,1.341850871324713257e+00,-7.993718108612140050e+00,1.083002029163218749e+00,-9.819482735087071978e-02,0.000000000000000000e+00,1.436811764201646469e-01,2.979798078612033631e-04,0.000000000000000000e+00
5.099999999999989875e+00,1.395669220449434755e+00,-7.993457486173698001e+00,1.079029004722796392e+00,-9.444795964238605901e-02,0.000000000000000000e+00,2.423119716929704737e-01,-8.671431383729413757e-04,-5.000000000000000000e-01
5.149999999999989697e+00,1.447155058947815265e+00,-7.993200405944497433e+00,1.049449380499565709e+00,-1.938768646068320112e-01,0.000000000000000000e+00,2.480826420076027716e-01,-3.375834586944045316e-05,-5.000000000000000000e-01
5.199999999999989519e+00,1.496882603527424971e+00,-7.992949459188039896e+00,1.016518025340606979e+00,-2.868269123213009753e-01,0.000000000000000000e+00,1.831570859393671924e-01,-9.949616720526508785e-04,-5.000000000000000000e-01
5.249999999999989342e+00,1.545661276361371739e+00,-7.992705416072126923e+00,9.919587592632165274e-01,-3.276985941666029634e-01,0.000000000000000000e+00,2.103886008215978265e-01,-1.573660579446096519e-03,-5.000000000000000000e-01
5.299999999999989164e+00,1.592710175836432596e+00,-7.992472966321240158e+00,9.613771897936025379e-01,-3.844851532117387616e-01,0.000000000000000000e+00,2.087913925402737902e-01,-1.552544647321976072e-03,-5.000000000000000000e-01
5.349999999999988987e+00,1.638173817318018921e+00,-7.992251483544114521e+00,9.301210831077282304e-01,-4.326125493128887278e-01,0.000000000000000000e+00,1.891356265061503450e-01,-1.388388041443996621e-03,-5.000000000000000000e-01
5.399999999999988809e+00,1.682301455056283812e+00,-7.992041302887898269e+00,9.015861171523106288e-01,-4.602299032719818217e-01,0.000000000000000000e+00,1.974659803003966374e-01,-8.624635357903060557e-04,-5.000000000000000000e-01
5.449999999999988631e+00,1.724872739440765246e+00,-7.991840902452241657e+00,8.714955197428055911e-01,-4.885463122556060744e-01,0.000000000000000000e+00,1.984477007280451843e-01,-5.003024330444929462e-04,-5.000000000000000000e-01
5.499999999999988454e+00,1.765919369328836863e+00,-7.991650374586209971e+00,8.411630843078785613e-01,-5.121667915441934227e-01,0.000000000000000000e+00,1.943576171954752851e-01,-1.436128872719138116e-04,-5.000000000000000000e-01
5.549999999999988276e+00,1.805517519706609564e+00,-7.991468893887504699e+00,8.116480298018382555e-01,-5.277936512595163832e-01,0.000000000000000000e+00,1.985927909517544165e-01,2.148692661536045459e-04,-5.000000000000000000e-01
5.599999999999988098e+00,1.843605566987492894e+00,-7.991295496582329960e+00,7.817205157529882875e-01,-5.419449772030133783e-01,0.000000000000000000e+00,2.011929775053289404e-01,4.735200543655852280e-04,-5.000000000000000000e-01
5.649999999999987921e+00,1.880189679688722082e+00,-7.991129421121259568e+00,7.517020849917737113e-01,-5.536297048072694738e-01,0.000000000000000000e+00,2.017910072513888764e-01,5.997494190673891955e-04,-5.000000000000000000e-01
5.699999999999987743e+00,1.915293177945590175e+00,-7.990970596710933016e+00,7.219271246628098382e-01,-5.620036051616714712e-01,0.000000000000000000e+00,2.045214275838409534e-01,6.670564150907754095e-04,-5.000000000000000000e-01
5.749999999999987566e+00,1.948899459435551318e+00,-7.990818890362001881e+00,6.920503367571786413e-01,-5.691100357518623643e-01,0.000000000000000000e+00,2.067738461376080750e-01,7.210236367989773711e-04,-5.000000000000000000e-01
5.799999999999987388e+00,1.981010052931190257e+00,-7.990674289102507544e+00,6.621511638700290359e-01,-5.748847201500887349e-01,0.000000000000000000e+00,2.083762747059791920e-01,7.523384496174346115e-04,-5.000000000000000000e-01
5.849999999999987210e+00,2.011632303987762604e+00,-7.990536706427294966e+00,6.323311871429451170e-01,-5.791876830284070632e-01,0.000000000000000000e+00,2.105065324080914735e-01,7.513123900373690125e-04,-5.000000000000000000e-01
5.899999999999987033e+00,2.040761798990188947e+00,-7.990405400221611387e+00,6.024899662355116536e-01,-5.827150300524599480e-01,0.000000000000000000e+00,2.123201892734591922e-01,7.205647868349937882e-04,-5.000000000000000000e-01
5.949999999999986855e+00,2.068400635353437877e+00,-7.990281198155161135e+00,5.726653737700888591e-01,-5.854703939036596250e-01,0.000000000000000000e+00,2.136442399553564186e-01,7.054127979672048876e-04,-5.000000000000000000e-01
5.999999999999986677e+00,2.094555127287232033e+00,-7.990165113416654030e+00,5.429231441036680428e-01,-5.873452337886113650e-01,0.000000000000000000e+00,2.161304844033669070e-01,8.201542711543897621e-04,-5.000000000000000000e-01
6.049999999999986500e+00,2.119222340463835064e+00,-7.990054756277205961e+00,5.131787788189330346e-01,-5.888536481698295466e-01,0.000000000000000000e+00,2.178670473470116775e-01,7.092020297863368397e-04,-5.000000000000000000e-01
6.099999999999986322e+00,2.142401722458932678e+00,-7.989950000504485672e+00,4.834269362047834973e-01,-5.900902889924621864e-01,0.000000000000000000e+00,2.188433272800889284e-01,5.629632494977532785e-04,-5.000000000000000000e-01
6.149999999999986144e+00,2.164095487867798262e+00,-7.989850683669233788e+00,4.536986875914140183e-01,-5.909852256474481536e-01,0.000000000000000000e+00,2.196395334869869487e-01,4.138479450079957491e-04,-5.000000000000000000e-01
6.199999999999985967e+00,2.184303287879754141e+00,-7.989756500564935138e+00,4.239757089586156935e-01,-5.916800950491523103e-01,0.000000000000000000e+00,2.197624522315901885e-01,1.911468285961099136e-04,-5.000000000000000000e-01
6.249999999999985789e+00,2.203025115844697179e+00,-7.989667747211610660e+00,3.942547437031751478e-01,-5.922279370610844529e-01,0.000000000000000000e+00,2.192204372214492381e-01,-3.647451284373732909e-05,-5.000000000000000000e-01
6.299999999999985612e+00,2.220262560839149302e+00,-7.989584810023556471e+00,3.645536318218036698e-01,-5.925867971743539186e-01,0.000000000000000000e+00,2.186523089213237014e-01,-1.804471025571173959e-04,-5.000000000000000000e-01
6.349999999999985434e+00,2.236016401892242378e+00,-7.989508097437950873e+00,3.348697866578667637e-01,-5.928048183952312478e-01,0.000000000000000000e+00,2.179338037682727602e-01,-3.050400314235926979e-04,-5.000000000000000000e-01
6.399999999999985256e+00,2.250288704546070218e+00,-7.989438180264893496e+00,3.052176015918683927e-01,-5.928525949801789485e-01,0.000000000000000000e+00,2.173715513476359718e-01,-3.703595251995627229e-04,-5.000000000000000000e-01
6.449999999999985079e+00,2.263083341145080141e+00,-7.989375582454944613e+00,2.756245174090985461e-01,-5.926544127152230113e-01,0.000000000000000000e+00,2.173154907564809335e-01,-3.809480516975846209e-04,-5.000000000000000000e-01
6.499999999999984901e+00,2.274406383273735344e+00,-7.989320606641955536e+00,2.461279140146782896e-01,-5.921099437498599238e-01,0.000000000000000000e+00,2.182830196415110890e-01,-3.199467777593125633e-04,-5.000000000000000000e-01
6.549999999999984723e+00,2.284268673357020774e+00,-7.989273384372458153e+00,2.168000032772988139e-01,-5.909995979494062635e-01,0.000000000000000000e+00,2.207940029698676199e-01,-2.291086189355687609e-04,-5.000000000000000000e-01
6.599999999999984546e+00,2.292688974516374767e+00,-7.989233996920643399e+00,1.877647209327381050e-01,-5.889408077377682460e-01,0.000000000000000000e+00,2.259861157961262634e-01,-1.102921750063291648e-04,-5.000000000000000000e-01
6.649999999999984368e+00,2.299698101826728180e+00,-7.989202232090368838e+00,1.592162813538987032e-01,-5.853464045055726261e-01,0.000000000000000000e+00,2.357066973822803391e-01,5.750553334925409717e-06,-5.000000000000000000e-01
6.699999999999984190e+00,2.305344048766208243e+00,-7.989177931714793957e+00,1.314385105395487752e-01,-5.793882068618582126e-01,0.000000000000000000e+00,2.537809739677339138e-01,1.453748322716656011e-04,-5.000000000000000000e-01
6.749999999999984013e+00,2.309694549180763001e+00,-7.989160824155374208e+00,1.047818446611738091e-01,-5.701372290029869117e-01,0.000000000000000000e+00,2.876738299714407532e-01,2.991607837266971760e-04,-5.000000000000000000e-01
6.799999999999983835e+00,2.312832918546758432e+00,-7.989150692522987818e+00,7.957349913814347475e-02,-5.569431652945112665e-01,0.000000000000000000e+00,3.540016109229462415e-01,4.685010420127281683e-04,-5.000000000000000000e-01
6.849999999999983658e+00,2.314845889082319808e+00,-7.989147449335192164e+00,5.598561078396946389e-02,-5.399060856523054674e-01,0.000000000000000000e+00,4.980364694235106526e-01,6.677125278049530566e-04,-5.000000000000000000e-01
6.899999999999983480e+00,2.315809508658544846e+00,-7.989151048992169990e+00,3.396012116471665288e-02,-5.200268269988559400e-01,0.000000000000000000e+00,8.783230628323410727e-01,9.032546545625372379e-04,-5.000000000000000000e-01
6.949999999999983302e+00,2.315781479771987783e+00,-7.989161476040861132e+00,1.405530841469871013e-02,-4.956407125991568186e-01,0.000000000000000000e+00,1.811110710244099309e+00,1.175326165323826218e-03,-5.000000000000000000e-01
6.999999999999983125e+00,2.314797220125385913e+00,-7.989178681641517343e+00,1.744035434322660505e-02,-3.829723863652138571e-01,0.000000000000000000e+00,2.477425486741546834e+00,1.475610549801799820e-03,-5.000000000000000000e-01
7.049999999999982947e+00,2.312860697894481010e+00,-7.989201563923534088e+00,3.021681973991292153e-02,-2.552720475054256477e-01,0.000000000000000000e+00,2.566403235657362281e+00,1.715099646699083484e-03,-5.000000000000000000e-01
7.099999999999982769e+00,2.310419058610832188e+00,-7.989226817341342546e+00,4.138800506889202258e-02,-1.595328966884239641e-01,0.000000000000000000e+00,2.524450317740859706e+00,1.840839933336390309e-03,-5.000000000000000000e-01
7.149999999999982592e+00,2.307814435484875748e+00,-7.989251572799334511e+00,4.781218276479488188e-02,-1.019296065671276563e-01,0.000000000000000000e+00,2.468103291950659806e+00,1.808580192104333913e-03,-5.000000000000000000e-01
7.199999999999982414e+00,2.305189433183870040e+00,-7.989274535292290480e+00,5.062611025156405625e-02,-7.028797530662539428e-02,0.000000000000000000e+00,2.424242677479622188e+00,1.659758774893732407e-03,-5.000000000000000000e-01
7.249999999999982236e+00,2.302592884426631237e+00,-7.989295530033741599e+00,5.141005046071917689e-02,-5.309461940867982177e-02,0.000000000000000000e+00,2.399754449574162507e+00,1.458492745744856961e-03,-5.000000000000000000e-01
7.299999999999982059e+00,2.300030503397885173e+00,-7.989314430185504357e+00,5.131343250451846083e-02,-4.286216735174672166e-02,0.000000000000000000e+00,2.383761013398622897e+00,1.226106569988874920e-03,-5.000000000000000000e-01
7.349999999999981881e+00,2.297498225366738200e+00,-7.989331647587147422e+00,5.091341176004026553e-02,-3.588981685931016963e-02,0.000000000000000000e+00,2.376812365529358040e+00,9.938633804982097576e-04,-5.000000000000000000e-01
7.399999999999981704e+00,2.294983985784461833e+00,-7.989347809538116962e+00,5.053686309882071681e-02,-3.021804813232633821e-02,0.000000000000000000e+00,2.373424831485007935e+00,8.062663115335961563e-04,-5.000000000000000000e-01
7.449999999999981526e+00,2.292479214925863484e+00,-7.989363184418908581e+00,5.027256178553717036e-02,-2.523164375899526052e-02,0.000000000000000000e+00,2.371887752749260336e+00,6.589785587180810832e-04,-5.000000000000000000e-01
7.499999999999981348e+00,2.289978002228060028e+00,-7.989377930620730872e+00,5.012409877462799257e-02,-2.077916705083292584e-02,0.000000000000000000e+00,2.370793881974564865e+00,5.405267523299504481e-04,-5.000000000000000000e-01
7.549999999999981171e+00,2.287477370571859403e+00,-7.989392164634423921e+00,5.005770560871597441e-02,-1.688890630431441262e-02,0.000000000000000000e+00,2.369858825161657467e+00,4.422703038357819793e-04,-5.000000000000000000e-01
7.599999999999980993e+00,2.284976233863285522e+00,-7.989406006928371440e+00,5.003718241390959359e-02,-1.359321782267705440e-02,0.000000000000000000e+00,2.368832090820644609e+00,3.632008870034789593e-04,-5.000000000000000000e-01
7.649999999999980815e+00,2.282474357880782012e+00,-7.989419554912215560e+00,5.003782495363268829e-02,-1.087200409924926614e-02,0.000000000000000000e+00,2.367616302592465694e+00,3.172168471361262688e-04,-5.000000000000000000e-01
7.699999999999980638e+00,2.279971991290966393e+00,-7.989432737731836376e+00,5.004394575893786334e-02,-8.673120058178713024e-03,0.000000000000000000e+00,2.366530458630376366e+00,2.757170817657127746e-04,-5.000000000000000000e-01
7.749999999999980460e+00,2.277469148056610493e+00,-7.989445604658522271e+00,5.005209400749315030e-02,-6.905903052321822784e-03,0.000000000000000000e+00,2.365560835125874117e+00,2.310991146199620043e-04,-5.000000000000000000e-01
7.799999999999980282e+00,2.274966068886286497e+00,-7.989458259701597953e+00,5.005817153956845789e-02,-5.500412313556228387e-03,0.000000000000000000e+00,2.364723684798201830e+00,1.941093684871559710e-04,-5.000000000000000000e-01
7.849999999999980105e+00,2.272463028499609017e+00,-7.989470732626218208e+00,5.006012618550751553e-02,-4.392511267088752142e-03,0.000000000000000000e+00,2.364044579047992034e+00,1.624044396645380926e-04,-5.000000000000000000e-01
7.899999999999979927e+00,2.269959981691585416e+00,-7.989483054905268666e+00,5.006097614550829300e-02,-3.510609173667892172e-03,0.000000000000000000e+00,2.363478731668003263e+00,1.358526363622938329e-04,-5.000000000000000000e-01
7.949999999999979750e+00,2.267456800632818847e+00,-7.989495241726380925e+00,5.006291916058831087e-02,-2.800715278614242416e-03,0.000000000000000000e+00,2.362950974502717738e+00,1.130443783136119611e-04,-5.000000000000000000e-01
7.999999999999979572e+00,2.264953715407797663e+00,-7.989507332167377740e+00,5.006254076480126658e-02,-2.242085806039571024e-03,0.000000000000000000e+00,2.362452510560761887e+00,9.597372502608667749e-05,-5.000000000000000000e-01
8.049999999999979394e+00,2.262450728712807724e+00,-7.989519331288401638e+00,5.006120179005425080e-02,-1.799024543819719921e-03,0.000000000000000000e+00,2.362179924647771045e+00,8.114730034536976426e-05,-5.000000000000000000e-01
8.099999999999980105e+00,2.259947559716048104e+00,-7.989531254996220078e+00,5.006284947240353944e-02,-1.432628905658621474e-03,0.000000000000000000e+00,2.361862421062033590e+00,6.764641062147388475e-05,-5.000000000000000000e-01
8.149999999999980815e+00,2.257444469322666514e+00,-7.989543127112545662e+00,5.006256236984399366e-02,-1.147251534765080265e-03,0.000000000000000000e+00,2.361623913324025104e+00,5.657827028117218499e-05,-5.000000000000000000e-01
8.199999999999981526e+00,2.254941340457761179e+00,-7.989554969724588673e+00,5.006290750639888487e-02,-9.164206815924993846e-04,0.000000000000000000e+00,2.361391522408465615e+00,4.925998025415034994e-05,-5.000000000000000000e-01
8.249999999999982236e+00,2.252438209544169290e+00,-7.989566774827233431e+00,5.006306801756789382e-02,-7.324945005979637816e-04,0.000000000000000000e+00,2.361151394910738777e+00,4.262821576820085862e-05,-5.000000000000000000e-01
8.299999999999982947e+00,2.249935231679559777e+00,-7.989578550133225932e+00,5.006129397069312981e-02,-5.930917879774270322e-04,0.000000000000000000e+00,2.360990327280051204e+00,3.756493540695011432e-05,-5.000000000000000000e-01
8.349999999999983658e+00,2.247432099310885611e+00,-7.989590305067190812e+00,5.006243723293496428e-02,-4.699003814146038229e-04,0.000000000000000000e+00,2.360821075827270299e+00,3.350238197944344250e-05,-5.000000000000000000e-01
8.399999999999984368e+00,2.244929008173692786e+00,-7.989602038205478429e+00,5.006239853508843984e-02,-3.760750965177808215e-04,0.000000000000000000e+00,2.360640154135475122e+00,2.965016176468633142e-05,-5.000000000000000000e-01
8.449999999999985079e+00,2.242425981210194763e+00,-7.989613769099149110e+00,5.006161285440603737e-02,-3.040027999438345285e-04,0.000000000000000000e+00,2.360501782980993113e+00,2.780509241970170888e-05,-5.000000000000000000e-01
8.499999999999985789e+00,2.239922847317079135e+00,-7.989625490345328096e+00,5.006258118257143203e-02,-2.393289272934890342e-04,0.000000000000000000e+00,2.360378047384226186e+00,2.480295527705533225e-05,-5.000000000000000000e-01
8.549999999999986500e+00,2.237419639376429181e+00,-7.989637210342117157e+00,5.006385700238821096e-02,-1.863598625676755795e-04,0.000000000000000000e+00,2.360234740735140946e+00,2.343539212995220886e-05,-5.000000000000000000e-01
8.599999999999987210e+00,2.234916417395278909e+00,-7.989648926097418169e+00,5.006453557663066711e-02,-1.463735930843158871e-04,0.000000000000000000e+00,2.360142046237873270e+00,2.262601459672227165e-05,-5.000000000000000000e-01
8.649999999999987921e+00,2.232413264875495518e+00,-7.989660644480778728e+00,5.006397362673520313e-02,-1.193466740493086297e-04,0.000000000000000000e+00,2.360024997321767959e+00,2.100514661696103043e-05,-5.000000000000000000e-01
8.699999999999988631e+00,2.229910133375356374e+00,-7.989672373514911108e+00,5.006349721139859849e-02,-9.738300058586544822e-05,0.000000000000000000e+00,2.359906462361636592e+00,2.242049543324957291e-05,-5.000000000000000000e-01
8.749999999999989342e+00,2.227407005614721047e+00,-7.989684102496762641e+00,5.006326176906371328e-02,-7.884816980823317696e-05,0.000000000000000000e+00,2.359782157483447662e+00,2.234837817080947677e-05,-5.000000000000000000e-01
8.799999999999990052e+00,2.224903792646645062e+00,-7.989695837433144376e+00,5.006419040406710069e-02,-5.936399583303694327e-05,0.000000000000000000e+00,2.359617733396011996e+00,2.248999516350860703e-05,-5.000000000000000000e-01
8.849999999999990763e+00,2.222400687936795460e+00,-7.989707580490670757e+00,5.006326322913873250e-02,-5.119989637990226595e-05,0.000000000000000000e+00,2.359476559587629918e+00,2.170421217048901030e-05,-5.000000000000000000e-01
8.899999999999991473e+00,2.219897495386912389e+00,-7.989719339015209698e+00,5.006394730144452659e-02,-3.822362788074548700e-05,0.000000000000000000e+00,2.359365315189222212e+00,2.290712783776242589e-05,-5.000000000000000000e-01
8.949999999999992184e+00,2.217394179808414911e+00,-7.989731103052331029e+00,5.006569756764796264e-02,-2.357783749085230748e-05,0.000000000000000000e+00,2.359233837226341723e+00,2.402746267307381589e-05,-5.000000000000000000e-01
8.999999999999992895e+00,2.214890955167245323e+00,-7.989742877526451181e+00,5.006530702528434740e-02,-2.042443944714279462e-05,0.000000000000000000e+00,2.359075858242220214e+00,2.578072543344667834e-05,-5.000000000000000000e-01
9.049999999999993605e+00,2.212387666479340709e+00,-7.989754651544778596e+00,5.006591933602627664e-02,-1.389030858999728933e-05,0.000000000000000000e+00,2.358987335298276200e+00,2.423488488929265451e-05,-5.000000000000000000e-01
9.099999999999994316e+00,2.209884308826391308e+00,-7.989766457204490635e+00,5.006699361877205157e-02,-6.815115888898197352e-06,0.000000000000000000e+00,2.358820036599400538e+00,2.650930562951185144e-05,-5.000000000000000000e-01
9.149999999999995026e+00,2.207380900946970925e+00,-7.989778273218263394e+00,5.006802662865748182e-02,-1.320053169397583845e-06,0.000000000000000000e+00,2.358686019537705292e+00,2.803527316385491381e-05,-5.000000000000000000e-01
9.199999999999995737e+00,2.204877616612162861e+00,-7.989790089502252890e+00,5.006695732922256808e-02,-5.333240275172964672e-06,0.000000000000000000e+00,2.358536611692914065e+00,2.795692052489194291e-05,-5.000000000000000000e-01
9.249999999999996447e+00,2.202374313169807696e+00,-7.989801919681022824e+00,5.006675968434654012e-02,-5.057171724250238064e-06,0.000000000000000000e+00,2.358366774675057620e+00,2.871833709661562425e-05,-5.000000000000000000e-01
9.299999999999997158e+00,2.199870931414229958e+00,-7.989813762955149556e+00,5.006762111734173321e-02,-6.000053986278793381e-07,0.000000000000000000e+00,2.358257836272594332e+00,2.939366978399860999e-05,-5.000000000000000000e-01
9.349999999999997868e+00,2.197367562118192286e+00,-7.989825620265324169e+00,5.006781697500341244e-02,3.034263278146170245e-07,0.000000000000000000e+00,2.358083636638443892e+00,3.086305358483863921e-05,-5.000000000000000000e-01
9.399999999999998579e+00,2.194864258466223017e+00,-7.989837484758983699e+00,5.006710800657460103e-02,-2.593132652993895403e-06,0.000000000000000000e+00,2.357955962497553681e+00,3.135305710661370478e-05,-5.000000000000000000e-01
9.449999999999999289e+00,2.192360904720306536e+00,-7.989849363103997959e+00,5.006742632732713583e-02,-8.012231122559532760e-07,0.000000000000000000e+00,2.357782485506006331e+00,3.175433527081603454e-05,-5.000000000000000000e-01
9.500000000000000000e+00,2.189857450487984636e+00,-7.989861260631819562e+00,5.006876057160074278e-02,4.695998604622981756e-06,0.000000000000000000e+00,2.357606089696417939e+00,3.216686253441868173e-05,-5.000000000000000000e-01
9.550000000000000711e+00,2.187354014953176051e+00,-7.989873169974098133e+00,5.006907057571709230e-02,4.996815349096431997e-06,0.000000000000000000e+00,2.357449314640664539e+00,3.339370439977228620e-05,-5.000000000000000000e-01
9.600000000000001421e+00,2.184850555899603641e+00,-7.989885096306887924e+00,5.006947777014435913e-02,5.626229988344453106e-06,0.000000000000000000e+00,2.357304002445182345e+00,3.412915615052136454e-05,-5.000000000000000000e-01
9.650000000000002132e+00,2.182347059290526747e+00,-7.989897039628940156e+00,5.007009228050833538e-02,6.959025446580530094e-06,0.000000000000000000e+00,2.357167251485548398e+00,3.528491704036769774e-05,-5.000000000000000000e-01
9.700000000000002842e+00,2.179843450599213472e+00,-7.989909003554053868e+00,5.007168423625599218e-02,1.193504334789154695e-05,0.000000000000000000e+00,2.356967648914056301e+00,3.731788779808365358e-05,-5.000000000000000000e-01
9.750000000000003553e+00,2.177339917693287497e+00,-7.989920971226399438e+00,5.007141181917752759e-02,8.458366364454880987e-06,0.000000000000000000e+00,2.356836254393076757e+00,3.775893933001150569e-05,-5.000000000000000000e-01
9.800000000000004263e+00,2.174836367847691410e+00,-7.989932956578130074e+00,5.007150714089764892e-02,7.147979972049231869e-06,0.000000000000000000e+00,2.356630771673642766e+00,3.837995401965959674e-05,-5.000000000000000000e-01
9.850000000000004974e+00,2.172332781988791428e+00,-7.989944957091687172e+00,5.007197829571680137e-02,7.603003254249125981e-06,0.000000000000000000e+00,2.356418213967406583e+00,4.012809574622772481e-05,-5.000000000000000000e-01
9.900000000000005684e+00,2.169829178586620166e+00,-7.989956966366004387e+00,5.007237777858708494e-02,7.680334084533574373e-06,0.000000000000000000e+00,2.356245179524221633e+00,4.059138081499133509e-05,-5.000000000000000000e-01
9.950000000000006395e+00,2.167325563217237239e+00,-7.989968979894013223e+00,5.007268142150950174e-02,7.358838957294052919e-06,0.000000000000000000e+00,2.356115326342596461e+00,4.053232800658013288e-05,-5.000000000000000000e-01
1.000000000000000711e+01,2.164821891626525829e+00,-7.989981017325791690e+00,5.007347890462235385e-02,9.077003617243614692e-06,0.000000000000000000e+00,2.355881800718508057e+00,4.182742861363678824e-05,-5.000000000000000000e-01
